<?xml version="1.0" encoding="utf-8"?>
<extension version="2.5" method="upgrade" type="plugin" group="user">
	<name>Social Login</name>
	<author>Arkadiy, Joomline</author>
	<creationDate>21.09.2012</creationDate>
	<copyright>(C) 2012. All rights reserved.</copyright>
	<license>GNU/GPL v.3 or later.</license>
	<authorEmail></authorEmail>
	<authorUrl>http://joomline.ru</authorUrl>
	<version>1.0</version>
	<description>Delete User info from rrlogin table</description>
	<files>
		<filename plugin="rrlogin">rrlogin.php</filename>
		<filename>index.html</filename>
	</files>
</extension>
