<?xml version="1.0" encoding="utf-8"?>
<extension version="2.5" type="plugin" method="upgrade" group="rrlogin_integration">
	<name>Plugin profile Rrlogin</name>
	<author>Arkadiy Sedelnikov</author>
	<creationDate>20.11.2014</creationDate>
	<copyright>(C) 2012. All rights reserved.</copyright>
	<license>GNU/GPL v.3 or later.</license>
	<authorEmail></authorEmail>
	<authorUrl>http://argens.ru</authorUrl>
	<version>1.0.2</version>
	<description>PLG_RRLOGIN_PROFILE_DESC</description>
    <!-- Runs on install/uninstall/update; New in 1.6 -->
    <scriptfile>script.php</scriptfile>
	<files>
		<filename plugin="profile">profile.php</filename>
		<filename>index.html</filename>
		<filename>helper.php</filename>
		<folder>sql</folder>
		<folder>lib</folder>
	</files>
	<languages folder="language">
        <language tag="ru-RU">ru-RU/ru-RU.plg_rrlogin_integration_profile.sys.ini</language>
        <language tag="ru-RU">ru-RU/ru-RU.plg_rrlogin_integration_profile.ini</language>
		<language tag="en-GB">en-GB/en-GB.plg_rrlogin_integration_profile.sys.ini</language>
        <language tag="en-GB">en-GB/en-GB.plg_rrlogin_integration_profile.ini</language>
    </languages>
	<install>
    <sql>
        <file driver="mysql" charset="utf8">sql/install.mysql.utf8.sql</file>
    </sql>
	</install>
	<uninstall>
    <sql>
        <file driver="mysql" charset="utf8">sql/uninstall.mysql.utf8.sql</file>
    </sql>
	</uninstall>
	<update>
		<schemas>
			<schemapath type="mysql">sql/updates/mysql</schemapath>
		</schemas>
	</update>
    <config>
        <fields name="params">
			<fieldset name="basic">
				<field
                        name="rootfolder"
                        type="text"
						label="PLG_RRLOGIN_PROFILE_AVATAR_FOLDER_LABEL"
                        description="PLG_RRLOGIN_PROFILE_AVATAR_FOLDER_DESC"
                        default="images/avatar"/>
				<field
                        name="img_quality"
                        type="text"
						label="PLG_RRLOGIN_PROFILE_IMG_QUALITY_LABEL"
                        description="PLG_RRLOGIN_PROFILE_IMG_QUALITY_DESC"
                        default="80"/>
				<field
                        name="imgparam"
                        type="text"
						label="PLG_RRLOGIN_PROFILE_IMG_SIZE_LABEL"
                        description="PLG_RRLOGIN_PROFILE_IMG_SIZE_DESC"
                        default="150"/>
				<field
                        name="updatetime"
                        type="text"
						label="PLG_RRLOGIN_PROFILE_UPDATETIME_LABEL"
                        description="PLG_RRLOGIN_PROFILE_UPDATETIME_DESC"
                        default="86400"/>
                <field
                        name="enable_geo"
                        type="radio"
						label="PLG_RRLOGIN_PROFILE_GEO_LABEL"
                        description="PLG_RRLOGIN_PROFILE_GEO_DESC"
                        default="1">
                            <option value="1">JYes</option>
                            <option value="0">JNo</option>
						</field>
			</fieldset>
		</fields>
    </config>
</extension>
