<?xml version="1.0" encoding="utf-8"?>
<extension version="2.5" type="plugin" group="authentication" method="upgrade">
	<name>Social Login Auth</name>
	<author>Rob Alfonso</author>
	<creationDate>21.09.2012</creationDate>
	<copyright>(C) 2012. All rights reserved.</copyright>
	<license>GNU/GPL v.3 or later.</license>
	<authorEmail></authorEmail>
	<authorUrl>http://joomline.ru</authorUrl>
	<version>1.0</version>
	<description>Authenticate User on Rrlogin data</description>
	<files>
		<filename plugin="rrlogin">rrlogin.php</filename>
		<filename>index.html</filename>
	</files>
</extension>
